{
  "results": [
    {
      "command": "python3 bench_01_baseline.py",
      "mean": 0.29602313906000005,
      "stddev": 0.008772340551306119,
      "median": 0.29618324246000005,
      "user": 0.29028478,
      "system": 0.004353033999999999,
      "min": 0.28407244696,
      "max": 0.31029442296000004,
      "times": [
        0.28433383696000003,
        0.30410879496000004,
        0.28407244696,
        0.30050331296000005,
        0.30355773996,
        0.31029442296000004,
        0.29447679196000004,
        0.29087763496,
        0.29011671596000005,
        0.29788969296
      ],
      "exit_codes": [
        0,
        0,
        0,
        0,
        0,
        0,
        0,
        0,
        0,
        0
      ]
    },
    {
      "command": "python3 bench_02_inline.py",
      "mean": 0.10731140285285715,
      "stddev": 0.003960809729637178,
      "median": 0.10654161496000002,
      "user": 0.10238945857142856,
      "system": 0.0033700685714285715,
      "min": 0.10019022596000002,
      "max": 0.11614177196000001,
      "times": [
        0.10523196796000002,
        0.10632221996000002,
        0.10019022596000002,
        0.10760192596000001,
        0.10259150396000001,
        0.10762344696000001,
        0.10490045296000002,
        0.10334022996000002,
        0.10325193896000001,
        0.10676100996000001,
        0.10930205196000001,
        0.10812123196000001,
        0.10952783096000002,
        0.11325232196000001,
        0.11430759296000001,
        0.11200746696000001,
        0.10394713396000001,
        0.10432251196000002,
        0.10924434096000002,
        0.10543895396000001,
        0.10390139296000002,
        0.10567175796000002,
        0.10804915596000002,
        0.10491134396000001,
        0.10629017096000001,
        0.10717094996000001,
        0.11614177196000001,
        0.11529637596000002
      ],
      "exit_codes": [
        0,
        0,
        0,
        0,
        0,
        0,
        0,
        0,
        0,
        0,
        0,
        0,
        0,
        0,
        0,
        0,
        0,
        0,
        0,
        0,
        0,
        0,
        0,
        0,
        0,
        0,
        0,
        0
      ]
    },
    {
      "command": "python3 bench_10_combined.py",
      "mean": 0.03607753548808989,
      "stddev": 0.002753958982854977,
      "median": 0.035690972960000004,
      "user": 0.030649392359550557,
      "system": 0.003929533033707865,
      "min": 0.03165922696,
      "max": 0.04537125596,
      "times": [
        0.033057189960000004,
        0.03247425896,
        0.040388009960000006,
        0.032571649960000004,
        0.032099069960000004,
        0.03239071196,
        0.03366936796,
        0.03267637696,
        0.03165922696,
        0.03242188296,
        0.03382082996,
        0.03625905996,
        0.03542748296,
        0.037217129960000005,
        0.03517553896,
        0.03462179596,
        0.03351265396,
        0.03784303396,
        0.03582160596,
        0.03506830096,
        0.03561290796,
        0.03378719896,
        0.03499870396,
        0.03646630596,
        0.03576490996,
        0.04537125596,
        0.036000863960000004,
        0.03433446196,
        0.042539617960000005,
        0.03327444996,
        0.040223450960000004,
        0.03417263896,
        0.03364822696,
        0.035690972960000004,
        0.03960548396,
        0.034345751960000004,
        0.03728191596,
        0.04198287196,
        0.03242001196,
        0.03506324796,
        0.03312243596,
        0.03731864896,
        0.038217870960000004,
        0.03367171496,
        0.03225566096,
        0.03955869896,
        0.03878054696,
        0.04239755496,
        0.03400839596,
        0.036961328960000005,
        0.033299622960000004,
        0.03763706196,
        0.03964488596,
        0.036196220960000004,
        0.035722981960000004,
        0.03643215896,
        0.03651964696,
        0.033426771960000004,
        0.03552914296,
        0.03505085496,
        0.03490979796,
        0.03496695796,
        0.037881494960000005,
        0.03780348496,
        0.03530184996,
        0.03763691096,
        0.03869079896,
        0.03560722996,
        0.03651000596,
        0.037977401960000004,
        0.043062651960000004,
        0.03493010196,
        0.03370269196,
        0.034009046960000004,
        0.03703920696,
        0.038414098960000004,
        0.041099742960000005,
        0.03638084896,
        0.039765448960000005,
        0.03494220396,
        0.03466017296,
        0.03386122896,
        0.03649854596,
        0.038752015960000004,
        0.036209180960000004,
        0.03559818096,
        0.03599696696,
        0.03621177096,
        0.03596798196
      ],
      "exit_codes": [
        0,
        0,
        0,
        0,
        0,
        0,
        0,
        0,
        0,
        0,
        0,
        0,
        0,
        0,
        0,
        0,
        0,
        0,
        0,
        0,
        0,
        0,
        0,
        0,
        0,
        0,
        0,
        0,
        0,
        0,
        0,
        0,
        0,
        0,
        0,
        0,
        0,
        0,
        0,
        0,
        0,
        0,
        0,
        0,
        0,
        0,
        0,
        0,
        0,
        0,
        0,
        0,
        0,
        0,
        0,
        0,
        0,
        0,
        0,
        0,
        0,
        0,
        0,
        0,
        0,
        0,
        0,
        0,
        0,
        0,
        0,
        0,
        0,
        0,
        0,
        0,
        0,
        0,
        0,
        0,
        0,
        0,
        0,
        0,
        0,
        0,
        0,
        0,
        0
      ]
    },
    {
      "command": "pypy3 bench_01_baseline.py",
      "mean": 0.0288983502231579,
      "stddev": 0.0019477596605103754,
      "median": 0.02858857496,
      "user": 0.017805995789473693,
      "system": 0.009356410947368422,
      "min": 0.02557169196,
      "max": 0.03866803496,